,Source,Destination,Source Port,Destination Port
0,192.168.1.33,204.178.31.8,56109,564
1,204.178.31.8,192.168.1.33,564,56109
2,192.168.1.33,204.178.31.8,56109,564
3,192.168.1.33,204.178.31.8,56109,564
4,204.178.31.8,192.168.1.33,564,56109
5,192.168.1.33,204.178.31.8,56109,564
6,192.168.1.33,204.178.31.8,56109,564
7,204.178.31.8,192.168.1.33,564,56109
8,192.168.1.33,204.178.31.8,56109,564
9,204.178.31.8,192.168.1.33,564,56109
10,192.168.1.33,204.178.31.8,56109,564
11,204.178.31.8,192.168.1.33,564,56109
12,192.168.1.33,204.178.31.8,56109,564
13,204.178.31.8,192.168.1.33,564,56109
14,192.168.1.33,204.178.31.8,56109,564
15,204.178.31.8,192.168.1.33,564,56109
16,192.168.1.33,204.178.31.8,56109,564
17,192.168.1.33,204.178.31.8,56109,564
18,204.178.31.8,192.168.1.33,564,56109
19,192.168.1.33,204.178.31.8,56109,564
20,192.168.1.33,204.178.31.8,56109,564
21,204.178.31.8,192.168.1.33,564,56109
22,192.168.1.33,204.178.31.8,56109,564
23,204.178.31.8,192.168.1.33,564,56109
24,192.168.1.33,204.178.31.8,56109,564
25,204.178.31.8,192.168.1.33,564,56109
26,192.168.1.33,204.178.31.8,56109,564
27,192.168.1.33,204.178.31.8,56109,564
28,204.178.31.8,192.168.1.33,564,56109
29,192.168.1.33,204.178.31.8,56109,564
30,192.168.1.33,204.178.31.8,56109,564
31,204.178.31.8,192.168.1.33,564,56109
32,192.168.1.33,204.178.31.8,56109,564
33,204.178.31.8,192.168.1.33,564,56109
34,192.168.1.33,204.178.31.8,56109,564
35,192.168.1.33,204.178.31.8,56109,564
36,204.178.31.8,192.168.1.33,564,56109
37,192.168.1.33,204.178.31.8,56109,564
38,192.168.1.33,204.178.31.8,56109,564
39,204.178.31.8,192.168.1.33,564,56109
40,192.168.1.33,204.178.31.8,56109,564
41,204.178.31.8,192.168.1.33,564,56109
42,192.168.1.33,204.178.31.8,56109,564
43,204.178.31.8,192.168.1.33,564,56109
44,192.168.1.33,204.178.31.8,56109,564
45,204.178.31.8,192.168.1.33,564,56109
46,192.168.1.33,204.178.31.8,56109,564
47,204.178.31.8,192.168.1.33,564,56109
48,192.168.1.33,204.178.31.8,56109,564
49,204.178.31.8,192.168.1.33,564,56109
50,192.168.1.33,204.178.31.8,56109,564
51,204.178.31.8,192.168.1.33,564,56109
52,192.168.1.33,204.178.31.8,56109,564
53,192.168.1.33,204.178.31.8,56109,564
54,204.178.31.8,192.168.1.33,564,56109
55,192.168.1.33,204.178.31.8,56109,564
56,192.168.1.33,204.178.31.8,56109,564
57,204.178.31.8,192.168.1.33,564,56109
58,192.168.1.33,204.178.31.8,56109,564
59,204.178.31.8,192.168.1.33,564,56109
60,192.168.1.33,204.178.31.8,56109,564
61,204.178.31.8,192.168.1.33,564,56109
62,192.168.1.33,204.178.31.8,56109,564
63,204.178.31.8,192.168.1.33,564,56109
64,192.168.1.33,204.178.31.8,56109,564
65,204.178.31.8,192.168.1.33,564,56109
66,192.168.1.33,204.178.31.8,56109,564
67,204.178.31.8,192.168.1.33,564,56109
68,192.168.1.33,204.178.31.8,56109,564
69,204.178.31.8,192.168.1.33,564,56109
70,192.168.1.33,204.178.31.8,56109,564
71,204.178.31.8,192.168.1.33,564,56109
72,192.168.1.33,204.178.31.8,56109,564
73,192.168.1.33,204.178.31.8,56109,564
74,204.178.31.8,192.168.1.33,564,56109
75,192.168.1.33,204.178.31.8,56109,564
76,192.168.1.33,204.178.31.8,56109,564
77,204.178.31.8,192.168.1.33,564,56109
78,192.168.1.33,204.178.31.8,56109,564
79,192.168.1.33,204.178.31.8,56109,564
80,204.178.31.8,192.168.1.33,564,56109
81,192.168.1.33,204.178.31.8,56109,564
82,204.178.31.8,192.168.1.33,564,56109
83,192.168.1.33,204.178.31.8,56109,564
84,204.178.31.8,192.168.1.33,564,56109
85,192.168.1.33,204.178.31.8,56109,564
86,204.178.31.8,192.168.1.33,564,56109
87,192.168.1.33,204.178.31.8,56109,564
88,204.178.31.8,192.168.1.33,564,56109
89,192.168.1.33,204.178.31.8,56109,564
90,204.178.31.8,192.168.1.33,564,56109
91,192.168.1.33,204.178.31.8,56109,564
92,204.178.31.8,192.168.1.33,564,56109
93,192.168.1.33,204.178.31.8,56109,564
94,192.168.1.33,204.178.31.8,56109,564
95,204.178.31.8,192.168.1.33,564,56109
96,192.168.1.33,204.178.31.8,56109,564
97,192.168.1.33,204.178.31.8,56109,564
98,204.178.31.8,192.168.1.33,564,56109
99,192.168.1.33,204.178.31.8,56109,564
100,192.168.1.33,204.178.31.8,56109,564
101,204.178.31.8,192.168.1.33,564,56109
102,192.168.1.33,204.178.31.8,56109,564
103,204.178.31.8,192.168.1.33,564,56109
104,192.168.1.33,204.178.31.8,56109,564
105,204.178.31.8,192.168.1.33,564,56109
106,192.168.1.33,204.178.31.8,56109,564
107,192.168.1.33,204.178.31.8,56109,564
108,204.178.31.8,192.168.1.33,564,56109
109,192.168.1.33,204.178.31.8,56109,564
110,192.168.1.33,204.178.31.8,56109,564
111,204.178.31.8,192.168.1.33,564,56109
112,192.168.1.33,204.178.31.8,56109,564
113,204.178.31.8,192.168.1.33,564,56109
114,192.168.1.33,204.178.31.8,56109,564
115,204.178.31.8,192.168.1.33,564,56109
116,192.168.1.33,204.178.31.8,56109,564
117,192.168.1.33,204.178.31.8,56109,564
118,204.178.31.8,192.168.1.33,564,56109
119,192.168.1.33,204.178.31.8,56109,564
120,192.168.1.33,204.178.31.8,56109,564
121,204.178.31.8,192.168.1.33,564,56109
122,192.168.1.33,204.178.31.8,56109,564
123,204.178.31.8,192.168.1.33,564,56109
124,192.168.1.33,204.178.31.8,56109,564
125,192.168.1.33,204.178.31.8,56109,564
126,204.178.31.8,192.168.1.33,564,56109
127,192.168.1.33,204.178.31.8,56109,564
128,192.168.1.33,204.178.31.8,56109,564
129,204.178.31.8,192.168.1.33,564,56109
130,192.168.1.33,204.178.31.8,56109,564
131,204.178.31.8,192.168.1.33,564,56109
132,192.168.1.33,204.178.31.8,56109,564
133,204.178.31.8,192.168.1.33,564,56109
134,192.168.1.33,204.178.31.8,56109,564
135,204.178.31.8,192.168.1.33,564,56109
136,192.168.1.33,204.178.31.8,56109,564
137,204.178.31.8,192.168.1.33,564,56109
138,192.168.1.33,204.178.31.8,56109,564
139,204.178.31.8,192.168.1.33,564,56109
140,192.168.1.33,204.178.31.8,56109,564
141,204.178.31.8,192.168.1.33,564,56109
142,192.168.1.33,204.178.31.8,56109,564
143,204.178.31.8,192.168.1.33,564,56109
144,192.168.1.33,204.178.31.8,56109,564
145,204.178.31.8,192.168.1.33,564,56109
146,192.168.1.33,204.178.31.8,56109,564
147,204.178.31.8,192.168.1.33,564,56109
148,192.168.1.33,204.178.31.8,56109,564
149,192.168.1.33,204.178.31.8,56109,564
150,204.178.31.8,192.168.1.33,564,56109
151,192.168.1.33,204.178.31.8,56109,564
152,192.168.1.33,204.178.31.8,56109,564
153,204.178.31.8,192.168.1.33,564,56109
154,192.168.1.33,204.178.31.8,56109,564
155,192.168.1.33,204.178.31.8,56109,564
156,204.178.31.8,192.168.1.33,564,56109
157,192.168.1.33,204.178.31.8,56109,564
158,204.178.31.8,192.168.1.33,564,56109
159,192.168.1.33,204.178.31.8,56109,564
160,204.178.31.8,192.168.1.33,564,56109
161,192.168.1.33,204.178.31.8,56109,564
162,204.178.31.8,192.168.1.33,564,56109
163,192.168.1.33,204.178.31.8,56109,564
164,204.178.31.8,192.168.1.33,564,56109
165,192.168.1.33,204.178.31.8,56109,564
166,204.178.31.8,192.168.1.33,564,56109
167,192.168.1.33,204.178.31.8,56109,564
168,204.178.31.8,192.168.1.33,564,56109
169,192.168.1.33,204.178.31.8,56109,564
170,204.178.31.8,192.168.1.33,564,56109
171,192.168.1.33,204.178.31.8,56109,564
172,192.168.1.33,204.178.31.8,56109,564
173,204.178.31.8,192.168.1.33,564,56109
174,192.168.1.33,204.178.31.8,56109,564
175,192.168.1.33,204.178.31.8,56109,564
176,204.178.31.8,192.168.1.33,564,56109
177,192.168.1.33,204.178.31.8,56109,564
178,192.168.1.33,204.178.31.8,56109,564
179,204.178.31.8,192.168.1.33,564,56109
180,192.168.1.33,204.178.31.8,56109,564
181,192.168.1.33,204.178.31.8,56109,564
182,204.178.31.8,192.168.1.33,564,56109
183,192.168.1.33,204.178.31.8,56109,564
184,204.178.31.8,192.168.1.33,564,56109
185,192.168.1.33,204.178.31.8,56109,564
186,204.178.31.8,192.168.1.33,564,56109
187,192.168.1.33,204.178.31.8,56109,564
188,204.178.31.8,192.168.1.33,564,56109
189,192.168.1.33,204.178.31.8,56109,564
190,204.178.31.8,192.168.1.33,564,56109
191,192.168.1.33,204.178.31.8,56109,564
192,204.178.31.8,192.168.1.33,564,56109
193,192.168.1.33,204.178.31.8,56109,564
194,204.178.31.8,192.168.1.33,564,56109
195,192.168.1.33,204.178.31.8,56109,564
196,204.178.31.8,192.168.1.33,564,56109
197,192.168.1.33,204.178.31.8,56109,564
198,192.168.1.33,204.178.31.8,56109,564
199,204.178.31.8,192.168.1.33,564,56109
200,192.168.1.33,204.178.31.8,56109,564
201,192.168.1.33,204.178.31.8,56109,564
202,204.178.31.8,192.168.1.33,564,56109
203,192.168.1.33,204.178.31.8,56109,564
204,204.178.31.8,192.168.1.33,564,56109
205,192.168.1.33,204.178.31.8,56109,564
206,204.178.31.8,192.168.1.33,564,56109
207,192.168.1.33,204.178.31.8,56109,564
208,204.178.31.8,192.168.1.33,564,56109
209,192.168.1.33,204.178.31.8,56109,564
210,204.178.31.8,192.168.1.33,564,56109
211,192.168.1.33,204.178.31.8,56109,564
212,204.178.31.8,192.168.1.33,564,56109
213,192.168.1.33,204.178.31.8,56109,564
214,204.178.31.8,192.168.1.33,564,56109
215,192.168.1.33,204.178.31.8,56109,564
216,204.178.31.8,192.168.1.33,564,56109
217,192.168.1.33,204.178.31.8,56109,564
